"Id";"Designator";"Footprint";"Quantity";"Designation";"Supplier and ref";
1;"TP3,TP2,TP1";"TestPoint_Pad_D1.0mm";3;"TestPoint";;;
2;"R6";"R_0402_1005Metric_Pad0.72x0.64mm_HandSolder";1;"10k";;;
3;"U6";"M4_Minimold";1;"CA3509M4-C2B";;;
4;"ANT1";"ANT3216";1;"ANT3216LL15R1575A";;;
5;"C32";"C_0402_1005Metric_Pad0.74x0.62mm_HandSolder";1;"3.3pF";;;
6;"J2,J3,J4";"PinHeader_1x02_P2.54mm_Vertical";3;"Conn_01x02_Pin";;;
7;"C5,C2,C14,C25,C7,C8,C11,C9,C1,C18,C6,C12,C10,C13,C15,C19";"C_0402_1005Metric_Pad0.74x0.62mm_HandSolder";16;"100nF";;;
8;"C21,C4,C3,C20";"C_0603_1608Metric_Pad1.08x0.95mm_HandSolder";4;"1uF";;;
9;"R9,R1,R5,R4";"R_0402_1005Metric_Pad0.72x0.64mm_HandSolder";4;"1k";;;
10;"L3";"L_Coilcraft_XxL4030";1;"XEL4030-472MEC";;;
11;"R2,R3";"R_0402_1005Metric_Pad0.72x0.64mm_HandSolder";2;"27";;;
12;"D4,D3";"LED_0603_1608Metric_Pad1.05x0.95mm_HandSolder";2;"LED";;;
13;"L1";"LED_0603_1608Metric_Pad1.05x0.95mm_HandSolder";1;"1uH";;;
14;"L4";"L_0402_1005Metric_Pad0.77x0.64mm_HandSolder";1;"6.2nH";;;
15;"R7,R8";"R_0402_1005Metric_Pad0.72x0.64mm_HandSolder";2;"330";;;
16;"C17,C16";"C_0402_1005Metric_Pad0.74x0.62mm_HandSolder";2;"120pF";;;
17;"C26,C27";"C_0402_1005Metric_Pad0.74x0.62mm_HandSolder";2;"15pF";;;
18;"C22,C23";"C_0603_1608Metric_Pad1.08x0.95mm_HandSolder";2;"10uF";;;
19;"Y1";"Crystal_SMD_Abracon_ABM8G-4Pin_3.2x2.5mm";1;"ABM8G-25.000MHZ-4Y-T3";;;
20;"Y2";"Crystal_SMD_Abracon_ABM8G-4Pin_3.2x2.5mm";1;"ABM8-272-T3";;;
21;"U2";"MSOP-10_3x3mm_P0.5mm";1;"Si5351A-B-GT";;;
22;"U3";"SOIC-8_5.23x5.23mm_P1.27mm";1;"W25Q128JVS";;;
23;"U5";"Teseo-LIV3";1;"Teseo-LIV3R";;;
24;"J1";"USB_Micro-AB_Molex_47590-0001";1;"USB_B_Micro";;;
25;"U4";"LGA-8_3x5mm_P1.25mm";1;"MS5607-02BA";;;
26;"D1,D2";"D_SOD-123F";2;"MBR230S1F-7";;;
27;"U1";"QFN-56-1EP_7x7mm_P0.4mm_EP3.2x3.2mm";1;"RP2040";;;
28;"C29";"C_0402_1005Metric_Pad0.74x0.62mm_HandSolder";1;"4pF";;;
29;"R10";"R_0402_1005Metric_Pad0.72x0.64mm_HandSolder";1;"150";;;
30;"R12";"R_0402_1005Metric_Pad0.72x0.64mm_HandSolder";1;"47k";;;
31;"FL1";"Filter_Mini-Circuits_FV1206";1;"BFCN-1575";;;
32;"R13";"R_0402_1005Metric_Pad0.72x0.64mm_HandSolder";1;"27k";;;
33;"U8";"SOT-23-5";1;"MIC5504-2.5YM5";;;
34;"U7";"SOT-23-6";1;"MCP1640Bx-xCHY";;;
35;"C28";"C_0402_1005Metric_Pad0.74x0.62mm_HandSolder";1;"22pF";;;
36;"L2";"L_0402_1005Metric_Pad0.77x0.64mm_HandSolder";1;"5.1nH";;;
37;"C24";"Supercap_5mm";1;"1F";;;
