id,time,band,rx_sign,rx_lat,rx_lon,rx_loc,tx_sign,tx_lat,tx_lon,tx_loc,distance,azimuth,rx_azimuth,frequency,power,snr,drift,version,code
12851087487,2026-07-19 00:54:00,14,W7WKR-2,48.354,-120.708,CN98pi,W6NXP,33.479,-119.042,DM03,1660,356,174,14097126,0,-22,0,WD_3.4.3-2,1
12851096308,2026-07-19 00:56:00,14,W7WKR-2,48.354,-120.708,CN98pi,W6NXP,33.479,-119.042,DM03,1660,356,174,14097128,0,-21,0,WD_3.4.3-2,1
12851142578,2026-07-19 01:04:00,14,AE6RQ,37.229,-121.875,CM97bf,W6NXP,33.479,-119.042,DM03,490,329,147,14097128,0,-25,0,1.4A Kiwi,1
12851174268,2026-07-19 01:10:00,14,KFS,37.396,-122.375,CM87tj,W6NXP,33.479,-119.042,DM03,530,326,144,14097127,0,-15,0,WD_3.3.2-2,1
12851175876,2026-07-19 01:10:00,14,KFS/SE,37.396,-122.375,CM87tj,W6NXP,33.479,-119.042,DM03,530,326,144,14097127,0,-15,0,WD_3.3.2-2,1
12851179073,2026-07-19 01:12:00,14,KL0MT,41.146,-104.792,DN71od,W6NXP,33.479,-119.042,DM03,1518,52,240,14097127,0,-24,0,3.1.0,1
12851180707,2026-07-19 01:12:00,14,W6EXT,37.354,-122.125,CM87wi,W6NXP,33.479,-119.042,DM03,513,328,146,14097131,0,-27,-1,3.0.1,1
12851183074,2026-07-19 01:12:00,14,W7WKR-2,48.354,-120.708,CN98pi,W6NXP,33.479,-119.042,DM03,1660,356,174,14097130,0,-28,0,WD_3.4.3-2,1
12851184508,2026-07-19 01:12:00,14,KFS,37.396,-122.375,CM87tj,W6NXP,33.479,-119.042,DM03,530,326,144,14097127,0,-20,0,WD_3.3.2-2,1
12851184635,2026-07-19 01:12:00,14,KPH2,38.104,-122.958,CM88mc,W6NXP,33.479,-119.042,DM03,624,327,144,14097127,0,-23,0,WD_3.3.2-2,1
12851187934,2026-07-19 01:12:00,14,KFS/SE,37.396,-122.375,CM87tj,W6NXP,33.479,-119.042,DM03,530,326,144,14097127,0,-20,0,WD_3.3.2-2,1
12851192705,2026-07-19 01:14:00,14,KX4AZ/T,44.104,-85.458,EN74gc,W6NXP,33.479,-119.042,DM03,3114,58,259,14097125,0,-27,-4,WD_3.3.2-2,1
12851195137,2026-07-19 01:14:00,14,KPH2,38.104,-122.958,CM88mc,W6NXP,33.479,-119.042,DM03,624,327,144,14097125,0,-20,-1,WD_3.3.2-2,1
12851195393,2026-07-19 01:14:00,14,KFS,37.396,-122.375,CM87tj,W6NXP,33.479,-119.042,DM03,530,326,144,14097125,0,-23,-1,WD_3.3.2-2,1
12851196889,2026-07-19 01:14:00,14,KFS/SE,37.396,-122.375,CM87tj,W6NXP,33.479,-119.042,DM03,530,326,144,14097125,0,-21,-1,WD_3.3.2-2,1
12851204253,2026-07-19 01:16:00,14,KX4AZ/T,44.104,-85.458,EN74gc,W6NXP,33.479,-119.042,DM03,3114,58,259,14097125,0,-17,-1,WD_3.3.2-2,1
12851205402,2026-07-19 01:16:00,14,KFS,37.396,-122.375,CM87tj,W6NXP,33.479,-119.042,DM03,530,326,144,14097125,0,-20,-2,WD_3.3.2-2,1
12851207506,2026-07-19 01:16:00,14,KFS/SE,37.396,-122.375,CM87tj,W6NXP,33.479,-119.042,DM03,530,326,144,14097125,0,-20,-2,WD_3.3.2-2,1
12851225865,2026-07-19 01:20:00,14,KFS,37.396,-122.375,CM87tj,W6NXP,33.479,-119.042,DM03,530,326,144,14097127,0,-15,-2,WD_3.3.2-2,1
12851228731,2026-07-19 01:20:00,14,KFS/SE,37.396,-122.375,CM87tj,W6NXP,33.479,-119.042,DM03,530,326,144,14097127,0,-15,-2,WD_3.3.2-2,1
12851234126,2026-07-19 01:22:00,14,W0CWA/K,40.438,-105.125,DN70kk,W6NXP,33.479,-119.042,DM03,1456,54,242,14097125,0,-28,3,WD_3.4.3-2,1
12851236138,2026-07-19 01:22:00,14,N6GN5,40.479,-105.042,DN70ll,W6NXP,33.479,-119.042,DM03,1464,54,242,14097126,0,-13,1,WD_3.4.0-2,1
12851236920,2026-07-19 01:22:00,14,KFS,37.396,-122.375,CM87tj,W6NXP,33.479,-119.042,DM03,530,326,144,14097126,0,-13,2,WD_3.3.2-2,1
12851242696,2026-07-19 01:22:00,14,KFS/SE,37.396,-122.375,CM87tj,W6NXP,33.479,-119.042,DM03,530,326,144,14097126,0,-13,2,WD_3.3.2-2,1
12851258224,2026-07-19 01:26:00,14,KFS,37.396,-122.375,CM87tj,W6NXP,33.479,-119.042,DM03,530,326,144,14097127,0,-17,0,WD_3.3.2-2,1
12851259283,2026-07-19 01:26:00,14,KPH2,38.104,-122.958,CM88mc,W6NXP,33.479,-119.042,DM03,624,327,144,14097127,0,-19,0,WD_3.3.2-2,1
12851261814,2026-07-19 01:26:00,14,KFS/SE,37.396,-122.375,CM87tj,W6NXP,33.479,-119.042,DM03,530,326,144,14097127,0,-15,0,WD_3.3.2-2,1
12851280839,2026-07-19 01:30:00,14,KFS,37.396,-122.375,CM87tj,W6NXP,33.479,-119.042,DM03,530,326,144,14097128,0,-11,0,WD_3.3.2-2,1
12851283380,2026-07-19 01:30:00,14,KFS/SE,37.396,-122.375,CM87tj,W6NXP,33.479,-119.042,DM03,530,326,144,14097128,0,-12,0,WD_3.3.2-2,1
12851285758,2026-07-19 01:32:00,14,W6EXT,37.354,-122.125,CM87wi,W6NXP,33.479,-119.042,DM03,513,328,146,14097131,0,-17,0,3.0.1,1
12851290009,2026-07-19 01:32:00,14,W7WKR-2,48.354,-120.708,CN98pi,W6NXP,33.479,-119.042,DM03,1660,356,174,14097131,0,-24,0,WD_3.4.3-2,1
12851291867,2026-07-19 01:32:00,14,W7WKR-1,47.479,-121.042,CN97,W6NXP,33.479,-119.042,DM03,1566,354,173,14097128,0,-26,0,WD_3.3.2-2,1
12851292198,2026-07-19 01:32:00,14,KFS,37.396,-122.375,CM87tj,W6NXP,33.479,-119.042,DM03,530,326,144,14097128,0,-19,0,WD_3.3.2-2,1
12851292382,2026-07-19 01:32:00,14,KB7GF,46.021,-118.375,DN06ta,W6NXP,33.479,-119.042,DM03,1396,2,182,14097132,0,-27,0,WD_3.2.3,1
12851295348,2026-07-19 01:32:00,14,KFS/SE,37.396,-122.375,CM87tj,W6NXP,33.479,-119.042,DM03,530,326,144,14097128,0,-19,0,WD_3.3.2-2,1
12851301701,2026-07-19 01:34:00,14,WA5DJJ,32.312,-106.708,DM62ph,W6NXP,33.479,-119.042,DM03,1158,93,279,14097129,0,-21,2,2.6.1,1
12851302635,2026-07-19 01:34:00,14,KFS,37.396,-122.375,CM87tj,W6NXP,33.479,-119.042,DM03,530,326,144,14097129,0,-17,2,WD_3.3.2-2,1
12851305834,2026-07-19 01:34:00,14,KFS/SE,37.396,-122.375,CM87tj,W6NXP,33.479,-119.042,DM03,530,326,144,14097129,0,-17,2,WD_3.3.2-2,1
12851312368,2026-07-19 01:36:00,14,KFS,37.396,-122.375,CM87tj,W6NXP,33.479,-119.042,DM03,530,326,144,14097130,0,-15,0,WD_3.3.2-2,1
12851313109,2026-07-19 01:36:00,14,WA5DJJ,32.312,-106.708,DM62ph,W6NXP,33.479,-119.042,DM03,1158,93,279,14097130,0,-23,0,2.6.1,1
12851315633,2026-07-19 01:36:00,14,KFS/SE,37.396,-122.375,CM87tj,W6NXP,33.479,-119.042,DM03,530,326,144,14097130,0,-15,0,WD_3.3.2-2,1
12851334394,2026-07-19 01:40:00,14,KFS,37.396,-122.375,CM87tj,W6NXP,33.479,-119.042,DM03,530,326,144,14097128,0,-13,-1,WD_3.3.2-2,1
12851346300,2026-07-19 01:42:00,14,WA5DJJ,32.312,-106.708,DM62ph,W6NXP,33.479,-119.042,DM03,1158,93,279,14097130,0,-21,-3,2.6.1,1
12851391153,2026-07-19 01:50:00,14,KFS,37.396,-122.375,CM87tj,W6NXP,33.479,-119.042,DM03,530,326,144,14097130,0,-15,0,WD_3.3.2-2,1
12851393998,2026-07-19 01:50:00,14,KFS/SE,37.396,-122.375,CM87tj,W6NXP,33.479,-119.042,DM03,530,326,144,14097130,0,-15,0,WD_3.3.2-2,1
12851401018,2026-07-19 01:52:00,14,N6GN5,40.479,-105.042,DN70ll,W6NXP,33.479,-119.042,DM03,1464,54,242,14097130,0,-24,1,WD_3.4.0-2,1
12851401397,2026-07-19 01:52:00,14,KFS,37.396,-122.375,CM87tj,W6NXP,33.479,-119.042,DM03,530,326,144,14097130,0,-15,3,WD_3.3.2-2,1
12851403955,2026-07-19 01:52:00,14,KFS/SE,37.396,-122.375,CM87tj,W6NXP,33.479,-119.042,DM03,530,326,144,14097130,0,-14,3,WD_3.3.2-2,1
12851410044,2026-07-19 01:54:00,14,WA5DJJ,32.312,-106.708,DM62ph,W6NXP,33.479,-119.042,DM03,1158,93,279,14097132,0,-23,0,2.6.1,1
12851410349,2026-07-19 01:54:00,14,N6GN5,40.479,-105.042,DN70ll,W6NXP,33.479,-119.042,DM03,1464,54,242,14097132,0,-20,-1,WD_3.4.0-2,1
12851410851,2026-07-19 01:54:00,14,KFS,37.396,-122.375,CM87tj,W6NXP,33.479,-119.042,DM03,530,326,144,14097132,0,-17,0,WD_3.3.2-2,1
12851413044,2026-07-19 01:54:00,14,KFS/SE,37.396,-122.375,CM87tj,W6NXP,33.479,-119.042,DM03,530,326,144,14097132,0,-17,0,WD_3.3.2-2,1
12851418962,2026-07-19 01:56:00,14,W0CWA/K,40.438,-105.125,DN70kk,W6NXP,33.479,-119.042,DM03,1456,54,242,14097131,0,-29,0,WD_3.4.3-2,1
12851420548,2026-07-19 01:56:00,14,KFS,37.396,-122.375,CM87tj,W6NXP,33.479,-119.042,DM03,530,326,144,14097132,0,-15,-1,WD_3.3.2-2,1
12851421024,2026-07-19 01:56:00,14,WA5DJJ,32.312,-106.708,DM62ph,W6NXP,33.479,-119.042,DM03,1158,93,279,14097132,0,-25,0,2.6.1,1
12851423297,2026-07-19 01:56:00,14,KFS/SE,37.396,-122.375,CM87tj,W6NXP,33.479,-119.042,DM03,530,326,144,14097132,0,-14,0,WD_3.3.2-2,1
12851439880,2026-07-19 02:00:00,14,KFS,37.396,-122.375,CM87tj,W6NXP,33.479,-119.042,DM03,530,326,144,14097132,0,-14,1,WD_3.3.2-2,1
12851441061,2026-07-19 02:00:00,14,KFS/SE,37.396,-122.375,CM87tj,W6NXP,33.479,-119.042,DM03,530,326,144,14097132,0,-14,1,WD_3.3.2-2,1
12851449724,2026-07-19 02:02:00,14,KFS,37.396,-122.375,CM87tj,W6NXP,33.479,-119.042,DM03,530,326,144,14097132,0,-24,-1,WD_3.3.2-2,1
12851452176,2026-07-19 02:02:00,14,KFS/SE,37.396,-122.375,CM87tj,W6NXP,33.479,-119.042,DM03,530,326,144,14097132,0,-24,0,WD_3.3.2-2,1
12851458658,2026-07-19 02:04:00,14,KFS,37.396,-122.375,CM87tj,W6NXP,33.479,-119.042,DM03,530,326,144,14097131,0,-17,0,WD_3.3.2-2,1
12851461414,2026-07-19 02:04:00,14,KFS/SE,37.396,-122.375,CM87tj,W6NXP,33.479,-119.042,DM03,530,326,144,14097131,0,-17,0,WD_3.3.2-2,1
12851469333,2026-07-19 02:06:00,14,KFS,37.396,-122.375,CM87tj,W6NXP,33.479,-119.042,DM03,530,326,144,14097133,0,-12,1,WD_3.3.2-2,1
12851471641,2026-07-19 02:06:00,14,KFS/SE,37.396,-122.375,CM87tj,W6NXP,33.479,-119.042,DM03,530,326,144,14097133,0,-12,1,WD_3.3.2-2,1
12851512561,2026-07-19 02:14:00,14,KFS,37.396,-122.375,CM87tj,W6NXP,33.479,-119.042,DM03,530,326,144,14097133,0,-23,0,WD_3.3.2-2,1
12851514999,2026-07-19 02:14:00,14,KFS/SE,37.396,-122.375,CM87tj,W6NXP,33.479,-119.042,DM03,530,326,144,14097133,0,-23,0,WD_3.3.2-2,1
12851563785,2026-07-19 02:24:00,14,WA5DJJ,32.312,-106.708,DM62ph,W6NXP,33.479,-119.042,DM03,1158,93,279,14097133,0,-20,0,2.6.1,1
12851575605,2026-07-19 02:26:00,14,WA5DJJ,32.312,-106.708,DM62ph,W6NXP,33.479,-119.042,DM03,1158,93,279,14097133,0,-23,0,2.6.1,1
12851598892,2026-07-19 02:30:00,14,WA5DJJ,32.312,-106.708,DM62ph,W6NXP,33.479,-119.042,DM03,1158,93,279,14097132,0,-19,0,2.6.1,1
12851610019,2026-07-19 02:32:00,14,WA5DJJ,32.312,-106.708,DM62ph,W6NXP,33.479,-119.042,DM03,1158,93,279,14097132,0,-19,0,2.6.1,1
12851945655,2026-07-19 03:36:00,14,W0TBR,45.562,-122.625,CN85qn,W6NXP,33.479,-119.042,DM03,1378,348,165,14097135,0,-19,0,3.0.0,1
12851991372,2026-07-19 03:44:00,14,W0CWA/K,40.438,-105.125,DN70kk,W6NXP,33.479,-119.042,DM03,1456,54,242,14097136,0,-20,0,WD_3.4.3-2,1
12851993769,2026-07-19 03:44:00,14,KB7GF,46.021,-118.375,DN06ta,W6NXP,33.479,-119.042,DM03,1396,2,182,14097139,0,-26,0,WD_3.2.3,1
12852039442,2026-07-19 03:52:00,14,KB7GF,46.021,-118.375,DN06ta,W6NXP,33.479,-119.042,DM03,1396,2,182,14097139,0,-26,0,WD_3.2.3,1
12852158433,2026-07-19 04:14:00,14,W0CWA/K,40.438,-105.125,DN70kk,W6NXP,33.479,-119.042,DM03,1456,54,242,14097135,0,-20,0,WD_3.4.3-2,1
12852203420,2026-07-19 04:22:00,14,W0CWA/K,40.438,-105.125,DN70kk,W6NXP,33.479,-119.042,DM03,1456,54,242,14097136,0,-21,0,WD_3.4.3-2,1
12852465522,2026-07-19 05:04:00,14,KG0D,48.021,-123.125,CN88ka,W6NXP,33.479,-119.042,DM03,1653,349,166,14097136,0,-21,0,1.4A Kiwi,1
12852496030,2026-07-19 05:10:00,14,W7OWO,45.312,-123.042,CN85lh,W6NXP,33.479,-119.042,DM03,1359,347,164,14097136,0,-15,0,3.0.0,1
12852509668,2026-07-19 05:12:00,14,W7OWO,45.312,-123.042,CN85lh,W6NXP,33.479,-119.042,DM03,1359,347,164,14097137,0,-17,0,3.0.0,1
12852640394,2026-07-19 05:32:00,14,W7WKR-2,48.354,-120.708,CN98pi,W6NXP,33.479,-119.042,DM03,1660,356,174,14097139,0,-26,0,WD_3.4.3-2,1
12852647507,2026-07-19 05:32:00,14,K7LEN,47.354,-116.875,DN17ni,W6NXP,33.479,-119.042,DM03,1554,6,187,14097137,0,-21,0,1.4A Kiwi,1
12852653955,2026-07-19 05:34:00,14,W7WKR-2,48.354,-120.708,CN98pi,W6NXP,33.479,-119.042,DM03,1660,356,174,14097140,0,-26,0,WD_3.4.3-2,1
12852660106,2026-07-19 05:34:00,14,K7LEN,47.354,-116.875,DN17ni,W6NXP,33.479,-119.042,DM03,1554,6,187,14097137,0,-21,0,1.4A Kiwi,1
12852666196,2026-07-19 05:36:00,14,W7WKR-2,48.354,-120.708,CN98pi,W6NXP,33.479,-119.042,DM03,1660,356,174,14097140,0,-25,0,WD_3.4.3-2,1
12852690163,2026-07-19 05:40:00,14,W7WKR-2,48.354,-120.708,CN98pi,W6NXP,33.479,-119.042,DM03,1660,356,174,14097140,0,-24,0,WD_3.4.3-2,1
12852691352,2026-07-19 05:40:00,14,WB6CXC/7,48.562,-123.125,CN88kn,W6NXP,33.479,-119.042,DM03,1711,350,167,14097136,0,-20,0,WD_3.4.3-2,1
12852727775,2026-07-19 05:46:00,14,KK7IXU,48.604,-122.875,CN88no,W6NXP,33.479,-119.042,DM03,1712,350,167,14097136,0,-19,0,WD_3.3.2-2,1
12852772572,2026-07-19 05:52:00,14,KG5VWO,30.312,-90.792,EM40oh,W6NXP,33.479,-119.042,DM03,2682,90,284,14097136,0,-27,0,web-888,1
12852835426,2026-07-19 06:04:00,14,KK7IXU,48.604,-122.875,CN88no,W6NXP,33.479,-119.042,DM03,1712,350,167,14097136,0,-23,0,WD_3.3.2-2,1
12855048604,2026-07-19 13:44:00,14,KX4AZ/T,44.104,-85.458,EN74gc,W6NXP,33.479,-119.042,DM03,3114,58,259,14097127,0,-21,-1,WD_3.3.2-2,1
12855109275,2026-07-19 13:56:00,14,KL7L,61.646,-149.292,BP51ip,W6NXP,33.479,-119.042,DM03,3797,335,131,14097129,0,-24,0,2.6.1,1
12855146438,2026-07-19 14:04:00,14,KL7L,61.646,-149.292,BP51ip,W6NXP,33.479,-119.042,DM03,3797,335,131,14097127,0,-27,0,2.6.1,1
12855290676,2026-07-19 14:30:00,14,WA5DJJ,32.312,-106.708,DM62ph,W6NXP,33.479,-119.042,DM03,1158,93,279,14097122,0,-22,0,2.6.1,1
12855304179,2026-07-19 14:32:00,14,WA5DJJ,32.312,-106.708,DM62ph,W6NXP,33.479,-119.042,DM03,1158,93,279,14097123,0,-24,0,2.6.1,1
12855313742,2026-07-19 14:34:00,14,WA5DJJ,32.312,-106.708,DM62ph,W6NXP,33.479,-119.042,DM03,1158,93,279,14097124,0,-21,0,2.6.1,1
12855323005,2026-07-19 14:36:00,14,WA5DJJ,32.312,-106.708,DM62ph,W6NXP,33.479,-119.042,DM03,1158,93,279,14097123,0,-26,-4,2.6.1,1
12855351940,2026-07-19 14:42:00,14,VE6PDQ,54.729,-113.042,DO34lr,W6NXP,33.479,-119.042,DM03,2409,9,193,14097120,0,-26,-3,2.7.0-rc7,1
12855355218,2026-07-19 14:42:00,14,WA5DJJ,32.312,-106.708,DM62ph,W6NXP,33.479,-119.042,DM03,1158,93,279,14097118,0,-24,-4,2.6.1,1
12855373942,2026-07-19 14:46:00,14,WB6CXC/7,48.562,-123.125,CN88kn,W6NXP,33.479,-119.042,DM03,1711,350,167,14097123,0,-26,0,WD_3.4.3-2,1
12855374146,2026-07-19 14:46:00,14,W7WKR-2,48.354,-120.708,CN98pi,W6NXP,33.479,-119.042,DM03,1660,356,174,14097126,0,-22,0,WD_3.4.3-2,1
12855397340,2026-07-19 14:50:00,14,N6GN5,40.479,-105.042,DN70ll,W6NXP,33.479,-119.042,DM03,1464,54,242,14097120,0,-22,0,WD_3.4.0-2,1
12855397522,2026-07-19 14:50:00,14,N6GN3,40.479,-105.042,DN70ll,W6NXP,33.479,-119.042,DM03,1464,54,242,14097120,0,-18,0,WD_3.4.3-2,1
12855407320,2026-07-19 14:52:00,14,W0CWA/K,40.438,-105.125,DN70kk,W6NXP,33.479,-119.042,DM03,1456,54,242,14097122,0,-27,0,WD_3.4.3-2,1
12855407823,2026-07-19 14:52:00,14,N6GN3,40.479,-105.042,DN70ll,W6NXP,33.479,-119.042,DM03,1464,54,242,14097121,0,-21,0,WD_3.4.3-2,1
12855408259,2026-07-19 14:52:00,14,N6GN5,40.479,-105.042,DN70ll,W6NXP,33.479,-119.042,DM03,1464,54,242,14097121,0,-24,0,WD_3.4.0-2,1
12855418657,2026-07-19 14:54:00,14,N6GN3,40.479,-105.042,DN70ll,W6NXP,33.479,-119.042,DM03,1464,54,242,14097121,0,-21,0,WD_3.4.3-2,1
12855421093,2026-07-19 14:54:00,14,N6GN5,40.479,-105.042,DN70ll,W6NXP,33.479,-119.042,DM03,1464,54,242,14097121,0,-25,0,WD_3.4.0-2,1
12855429124,2026-07-19 14:56:00,14,N6GN3,40.479,-105.042,DN70ll,W6NXP,33.479,-119.042,DM03,1464,54,242,14097119,0,-22,0,WD_3.4.3-2,1
12855449946,2026-07-19 15:00:00,14,W0CWA/K,40.438,-105.125,DN70kk,W6NXP,33.479,-119.042,DM03,1456,54,242,14097119,0,-26,-4,WD_3.4.3-2,1
12855450636,2026-07-19 15:00:00,14,N6GN3,40.479,-105.042,DN70ll,W6NXP,33.479,-119.042,DM03,1464,54,242,14097119,0,-22,-2,WD_3.4.3-2,1
12855461079,2026-07-19 15:02:00,14,N6GN3,40.479,-105.042,DN70ll,W6NXP,33.479,-119.042,DM03,1464,54,242,14097116,0,-20,0,WD_3.4.3-2,1
12855471043,2026-07-19 15:04:00,14,N6GN3,40.479,-105.042,DN70ll,W6NXP,33.479,-119.042,DM03,1464,54,242,14097113,0,-19,1,WD_3.4.3-2,1
12855503554,2026-07-19 15:10:00,14,W7WKR-2,48.354,-120.708,CN98pi,W6NXP,33.479,-119.042,DM03,1660,356,174,14097108,0,-25,0,WD_3.4.3-2,1
12855526722,2026-07-19 15:14:00,14,WB6CXC/7,48.562,-123.125,CN88kn,W6NXP,33.479,-119.042,DM03,1711,350,167,14097117,0,-24,1,WD_3.4.3-2,1
12855576282,2026-07-19 15:24:00,14,N6GN3,40.479,-105.042,DN70ll,W6NXP,33.479,-119.042,DM03,1464,54,242,14097107,0,-24,-4,WD_3.4.3-2,1
12855625511,2026-07-19 15:34:00,14,N5CSC,29.396,-98.292,EL09uj,W6NXP,33.479,-119.042,DM03,2017,97,288,14097083,0,-25,-1,3.0.0,1
12855626531,2026-07-19 15:34:00,14,W0AY,46.479,-115.042,DN26,W6NXP,33.479,-119.042,DM03,1485,12,194,14097191,0,-23,-1,,1
12855629692,2026-07-19 15:34:00,14,N6GN3,40.479,-105.042,DN70ll,W6NXP,33.479,-119.042,DM03,1464,54,242,14097085,0,-26,0,WD_3.4.3-2,1
12855725877,2026-07-19 15:52:00,14,WB6CXC/7,48.562,-123.125,CN88kn,W6NXP,33.479,-119.042,DM03,1711,350,167,14097084,0,-19,-1,WD_3.4.3-2,1
12858861653,2026-07-20 00:52:00,14,KX4AZ/T,44.104,-85.458,EN74gc,W6NXP,0.479,0.958,JJ00,9684,314,92,14097127,0,-18,0,WD_3.3.2-2,1
12858926792,2026-07-20 01:02:00,14,W7WKR-2,48.354,-120.708,CN98pi,W6NXP,0.479,0.958,JJ00,12235,323,64,14097130,0,-23,0,WD_3.4.3-2,1
12858953268,2026-07-20 01:06:00,14,W7WKR-2,48.354,-120.708,CN98pi,W6NXP,0.479,0.958,JJ00,12235,323,64,14097131,0,-24,-2,WD_3.4.3-2,1
12858994298,2026-07-20 01:12:00,14,WB6CXC/7,48.562,-123.125,CN88kn,W6NXP,0.479,0.958,JJ00,12385,324,62,14097126,0,-23,2,WD_3.4.3-2,1
12859068260,2026-07-20 01:24:00,14,W7WKR-2,48.354,-120.708,CN98pi,W6NXP,33.479,-119.042,DM03,1660,356,174,14097131,0,-21,-2,WD_3.4.3-2,1
12859081789,2026-07-20 01:26:00,14,N6GN3,40.479,-105.042,DN70ll,W6NXP,33.479,-119.042,DM03,1464,54,242,14097126,0,-21,1,WD_3.4.3-2,1
12859119878,2026-07-20 01:32:00,14,W7WKR-2,48.354,-120.708,CN98pi,W6NXP,33.479,-119.042,DM03,1660,356,174,14097131,0,-21,0,WD_3.4.3-2,1
12859134410,2026-07-20 01:34:00,14,W7WKR-2,48.354,-120.708,CN98pi,W6NXP,33.479,-119.042,DM03,1660,356,174,14097129,0,-20,-3,WD_3.4.3-2,1
12859168701,2026-07-20 01:40:00,14,N0LUF,38.771,-104.708,DM78ps,W6NXP,33.479,-119.042,DM03,1413,61,249,14097127,0,-15,-1,2.7.0-rc3,1
12859197545,2026-07-20 01:44:00,14,W7WKR-2,48.354,-120.708,CN98pi,W6NXP,33.479,-119.042,DM03,1660,356,174,14097133,0,-20,0,WD_3.4.3-2,1
12859201687,2026-07-20 01:44:00,14,WA5DJJ,32.312,-106.708,DM62ph,W6NXP,33.479,-119.042,DM03,1158,93,279,14097130,0,-20,0,2.6.1,1
12859209277,2026-07-20 01:46:00,14,N6GN3,40.479,-105.042,DN70ll,W6NXP,33.479,-119.042,DM03,1464,54,242,14097128,0,-18,-1,WD_3.4.3-2,1
12859209397,2026-07-20 01:46:00,14,W0CWA/K,40.438,-105.125,DN70kk,W6NXP,33.479,-119.042,DM03,1456,54,242,14097127,0,-23,-1,WD_3.4.3-2,1
12859211966,2026-07-20 01:46:00,14,N6GN5,40.479,-105.042,DN70ll,W6NXP,33.479,-119.042,DM03,1464,54,242,14097128,0,-18,0,WD_3.4.0-2,1
12859215152,2026-07-20 01:46:00,14,WA5DJJ,32.312,-106.708,DM62ph,W6NXP,33.479,-119.042,DM03,1158,93,279,14097128,0,-22,-1,2.6.1,1
12859261868,2026-07-20 01:54:00,14,N6GN3,40.479,-105.042,DN70ll,W6NXP,33.479,-119.042,DM03,1464,54,242,14097131,0,-23,1,WD_3.4.3-2,1
12859262391,2026-07-20 01:54:00,14,W7WKR-2,48.354,-120.708,CN98pi,W6NXP,33.479,-119.042,DM03,1660,356,174,14097134,0,-25,1,WD_3.4.3-2,1
12859264733,2026-07-20 01:54:00,14,W7WKR-1,47.479,-121.042,CN97,W6NXP,33.479,-119.042,DM03,1566,354,173,14097131,0,-25,0,WD_3.3.2-2,1
12859266711,2026-07-20 01:54:00,14,WA5DJJ,32.312,-106.708,DM62ph,W6NXP,33.479,-119.042,DM03,1158,93,279,14097131,0,-16,1,2.6.1,1
12859276562,2026-07-20 01:56:00,14,W7WKR-2,48.354,-120.708,CN98pi,W6NXP,33.479,-119.042,DM03,1660,356,174,14097134,0,-22,0,WD_3.4.3-2,1
12859279834,2026-07-20 01:56:00,14,WA5DJJ,32.312,-106.708,DM62ph,W6NXP,33.479,-119.042,DM03,1158,93,279,14097131,0,-20,1,2.6.1,1
12859309278,2026-07-20 02:02:00,14,N0LUF,38.771,-104.708,DM78ps,W6NXP,33.479,-119.042,DM03,1413,61,249,14097127,0,-12,1,2.7.0-rc3,1
12859311504,2026-07-20 02:02:00,14,W7WKR-2,48.354,-120.708,CN98pi,W6NXP,33.479,-119.042,DM03,1660,356,174,14097133,0,-20,1,WD_3.4.3-2,1
12859335377,2026-07-20 02:06:00,14,N6GN3,40.479,-105.042,DN70ll,W6NXP,33.479,-119.042,DM03,1464,54,242,14097131,0,-32,0,WD_3.4.3-2,1
12859335968,2026-07-20 02:06:00,14,W7WKR-2,48.354,-120.708,CN98pi,W6NXP,33.479,-119.042,DM03,1660,356,174,14097135,0,-21,0,WD_3.4.3-2,1
12859378072,2026-07-20 02:12:00,14,W7WKR-2,48.354,-120.708,CN98pi,W6NXP,33.479,-119.042,DM03,1660,356,174,14097135,0,-22,0,WD_3.4.3-2,1
12859381618,2026-07-20 02:12:00,14,W7WKR-1,47.479,-121.042,CN97,W6NXP,33.479,-119.042,DM03,1566,354,173,14097132,0,-27,0,WD_3.3.2-2,1
12859381772,2026-07-20 02:12:00,14,WA5DJJ,32.312,-106.708,DM62ph,W6NXP,33.479,-119.042,DM03,1158,93,279,14097132,0,-19,0,2.6.1,1
12859391393,2026-07-20 02:14:00,14,W7WKR-2,48.354,-120.708,CN98pi,W6NXP,33.479,-119.042,DM03,1660,356,174,14097136,0,-22,-1,WD_3.4.3-2,1
12859404954,2026-07-20 02:16:00,14,KG0D,48.021,-123.125,CN88ka,W6NXP,33.479,-119.042,DM03,1653,349,166,14097135,0,-20,0,SparkSDR,1
12859408737,2026-07-20 02:16:00,14,WA5DJJ,32.312,-106.708,DM62ph,W6NXP,33.479,-119.042,DM03,1158,93,279,14097131,0,-20,0,2.6.1,1
12859429355,2026-07-20 02:20:00,14,W0CWA/K,40.438,-105.125,DN70kk,W6NXP,33.479,-119.042,DM03,1456,54,242,14097130,0,-23,0,WD_3.4.3-2,1
12859429369,2026-07-20 02:20:00,14,W7WKR-2,48.354,-120.708,CN98pi,W6NXP,33.479,-119.042,DM03,1660,356,174,14097134,0,-26,0,WD_3.4.3-2,1
12859430843,2026-07-20 02:20:00,14,N6GN5,40.479,-105.042,DN70ll,W6NXP,33.479,-119.042,DM03,1464,54,242,14097131,0,-16,0,WD_3.4.0-2,1
12859435094,2026-07-20 02:20:00,14,WA5DJJ,32.312,-106.708,DM62ph,W6NXP,33.479,-119.042,DM03,1158,93,279,14097131,0,-15,0,2.6.1,1
12859442125,2026-07-20 02:22:00,14,N0LUF,38.771,-104.708,DM78ps,W6NXP,33.479,-119.042,DM03,1413,61,249,14097129,0,-8,0,2.7.0-rc3,1
12859444632,2026-07-20 02:22:00,14,N6GN3,40.479,-105.042,DN70ll,W6NXP,33.479,-119.042,DM03,1464,54,242,14097131,0,-20,0,WD_3.4.3-2,1
12859445120,2026-07-20 02:22:00,14,N6GN5,40.479,-105.042,DN70ll,W6NXP,33.479,-119.042,DM03,1464,54,242,14097131,0,-19,0,WD_3.4.0-2,1
12859446607,2026-07-20 02:22:00,14,WA5DJJ,32.312,-106.708,DM62ph,W6NXP,33.479,-119.042,DM03,1158,93,279,14097132,0,-21,0,2.6.1,1
12859475760,2026-07-20 02:26:00,14,WA5DJJ,32.312,-106.708,DM62ph,W6NXP,33.479,-119.042,DM03,1158,93,279,14097132,0,-19,0,2.6.1,1
12859517112,2026-07-20 02:32:00,14,WA5DJJ,32.312,-106.708,DM62ph,W6NXP,33.479,-119.042,DM03,1158,93,279,14097132,0,-16,0,2.6.1,1
12859594450,2026-07-20 02:44:00,14,WA5DJJ,32.312,-106.708,DM62ph,W6NXP,33.479,-119.042,DM03,1158,93,279,14097133,0,-15,0,2.6.1,1
12859847930,2026-07-20 03:22:00,14,KB7GF,46.021,-118.375,DN06ta,W6NXP,33.479,-119.042,DM03,1396,2,182,14097139,0,-27,0,WD_3.2.3,1
12859852406,2026-07-20 03:22:00,14,N7BUI,44.312,-123.292,CN84ih,W6NXP,33.479,-119.042,DM03,1259,344,161,14097136,0,-23,0,web-888,1
12859863353,2026-07-20 03:24:00,14,WA5DJJ,32.312,-106.708,DM62ph,W6NXP,33.479,-119.042,DM03,1158,93,279,14097136,0,-17,0,2.6.1,1
12860170003,2026-07-20 04:16:00,14,W7WKR-2,48.354,-120.708,CN98pi,W6NXP,33.479,-119.042,DM03,1660,356,174,14097139,0,-23,0,WD_3.4.3-2,1
12860193305,2026-07-20 04:20:00,14,W7WKR-2,48.354,-120.708,CN98pi,W6NXP,33.479,-119.042,DM03,1660,356,174,14097138,0,-24,0,WD_3.4.3-2,1
12860203302,2026-07-20 04:22:00,14,W7WKR-2,48.354,-120.708,CN98pi,W6NXP,33.479,-119.042,DM03,1660,356,174,14097139,0,-22,2,WD_3.4.3-2,1
12860214923,2026-07-20 04:24:00,14,W7WKR-2,48.354,-120.708,CN98pi,W6NXP,33.479,-119.042,DM03,1660,356,174,14097138,0,-22,0,WD_3.4.3-2,1
12860228705,2026-07-20 04:26:00,14,W7WKR-2,48.354,-120.708,CN98pi,W6NXP,33.479,-119.042,DM03,1660,356,174,14097139,0,-18,0,WD_3.4.3-2,1
12860250343,2026-07-20 04:30:00,14,W7WKR-2,48.354,-120.708,CN98pi,W6NXP,33.479,-119.042,DM03,1660,356,174,14097138,0,-19,0,WD_3.4.3-2,1
12860265151,2026-07-20 04:32:00,14,W7WKR-1,47.479,-121.042,CN97,W6NXP,33.479,-119.042,DM03,1566,354,173,14097135,0,-22,0,WD_3.3.2-2,1
12860317492,2026-07-20 04:42:00,14,W7WKR-2,48.354,-120.708,CN98pi,W6NXP,33.479,-119.042,DM03,1660,356,174,14097139,0,-27,-1,WD_3.4.3-2,1
12860364263,2026-07-20 04:50:00,14,W7WKR-2,48.354,-120.708,CN98pi,W6NXP,33.479,-119.042,DM03,1660,356,174,14097138,0,-20,0,WD_3.4.3-2,1
12860374365,2026-07-20 04:52:00,14,W7WKR-2,48.354,-120.708,CN98pi,W6NXP,33.479,-119.042,DM03,1660,356,174,14097138,0,-28,0,WD_3.4.3-2,1
12860384291,2026-07-20 04:54:00,14,W7WKR-2,48.354,-120.708,CN98pi,W6NXP,33.479,-119.042,DM03,1660,356,174,14097137,0,-26,0,WD_3.4.3-2,1
12860416701,2026-07-20 05:00:00,14,W7WKR-2,48.354,-120.708,CN98pi,W6NXP,33.479,-119.042,DM03,1660,356,174,14097137,0,-24,1,WD_3.4.3-2,1
12860434910,2026-07-20 05:04:00,14,KD7HGL,47.771,-122.375,CN87ts,W6NXP,33.479,-119.042,DM03,1613,351,168,14097139,0,-23,0,SparkSDR,1
12860600685,2026-07-20 05:32:00,14,VE7LGN,50.562,-121.042,CO90ln,W6NXP,33.479,-119.042,DM03,1907,356,174,14097136,0,-19,0,1.4A Kiwi,1
12861847895,2026-07-20 09:22:00,14,KD2M,27.271,-82.458,EL87sg,W6NXP,33.479,-119.042,DM03,3558,91,290,14097135,0,-26,0,UberSDR,1
12862049550,2026-07-20 10:04:00,14,WA2N,35.479,-83.042,EM85ll,W6NXP,33.479,-119.042,DM03,3289,76,276,14097134,0,-20,0,WD_3.3.2-2,1
12862057975,2026-07-20 10:06:00,14,WA2N,35.479,-83.042,EM85ll,W6NXP,33.479,-119.042,DM03,3289,76,276,14097134,0,-24,0,WD_3.3.2-2,1
12862790470,2026-07-20 12:52:00,14,N5CSC,29.396,-98.292,EL09uj,W6NXP,33.479,-119.042,DM03,2017,97,288,14097130,0,-19,0,3.0.0,1
12863035130,2026-07-20 13:46:00,14,KX4AZ/T,44.104,-85.458,EN74gc,W6NXP,33.479,-119.042,DM03,3114,58,259,14097131,0,-23,0,WD_3.3.2-2,1
12863067910,2026-07-20 13:52:00,14,WA5DJJ,32.312,-106.708,DM62ph,W6NXP,33.479,-119.042,DM03,1158,93,279,14097130,0,-28,0,2.6.1,1
12863076366,2026-07-20 13:54:00,14,WA5DJJ,32.312,-106.708,DM62ph,W6NXP,33.479,-119.042,DM03,1158,93,279,14097130,0,-23,-1,2.6.1,1
12863101606,2026-07-20 14:00:00,14,WA5DJJ,32.312,-106.708,DM62ph,W6NXP,33.479,-119.042,DM03,1158,93,279,14097131,0,-21,1,2.6.1,1
12863113057,2026-07-20 14:04:00,14,N5CSC,29.396,-98.292,EL09uj,W6NXP,33.479,-119.042,DM03,2017,97,288,14097129,0,-26,0,3.0.0,1
12863114204,2026-07-20 14:04:00,14,N0LUF,38.771,-104.708,DM78ps,W6NXP,33.479,-119.042,DM03,1413,61,249,14097128,0,-21,0,2.7.0-rc3,1
12863115704,2026-07-20 14:04:00,14,N6GN3,40.479,-105.042,DN70ll,W6NXP,33.479,-119.042,DM03,1464,54,242,14097130,0,-20,0,WD_3.4.3-2,1
12863116497,2026-07-20 14:04:00,14,N6GN5,40.479,-105.042,DN70ll,W6NXP,33.479,-119.042,DM03,1464,54,242,14097130,0,-24,0,WD_3.4.0-2,1
12863165205,2026-07-20 14:14:00,14,N6GN3,40.479,-105.042,DN70ll,W6NXP,33.479,-119.042,DM03,1464,54,242,14097130,0,-23,-1,WD_3.4.3-2,1
12863166047,2026-07-20 14:14:00,14,N6GN5,40.479,-105.042,DN70ll,W6NXP,33.479,-119.042,DM03,1464,54,242,14097131,0,-25,0,WD_3.4.0-2,1
12863213360,2026-07-20 14:24:00,14,WA5DJJ,32.312,-106.708,DM62ph,W6NXP,33.479,-119.042,DM03,1158,93,279,14097129,0,-22,0,2.6.1,1
12863222610,2026-07-20 14:26:00,14,WA5DJJ,32.312,-106.708,DM62ph,W6NXP,33.479,-119.042,DM03,1158,93,279,14097128,0,-23,-1,2.6.1,1
12863241575,2026-07-20 14:30:00,14,W7WKR-2,48.354,-120.708,CN98pi,W6NXP,33.479,-119.042,DM03,1660,356,174,14097131,0,-20,0,WD_3.4.3-2,1
12863251556,2026-07-20 14:32:00,14,KG0D,48.021,-123.125,CN88ka,W6NXP,33.479,-119.042,DM03,1653,349,166,14097133,0,-21,1,SparkSDR,1
12863252237,2026-07-20 14:32:00,14,W7WKR-2,48.354,-120.708,CN98pi,W6NXP,33.479,-119.042,DM03,1660,356,174,14097131,0,-19,0,WD_3.4.3-2,1
12863255873,2026-07-20 14:32:00,14,WA5DJJ,32.312,-106.708,DM62ph,W6NXP,33.479,-119.042,DM03,1158,93,279,14097128,0,-24,1,2.6.1,1
12863264509,2026-07-20 14:34:00,14,WA5DJJ,32.312,-106.708,DM62ph,W6NXP,33.479,-119.042,DM03,1158,93,279,14097130,0,-28,2,2.6.1,1
12863269282,2026-07-20 14:36:00,14,W7WKR-2,48.354,-120.708,CN98pi,W6NXP,33.479,-119.042,DM03,1660,356,174,14097134,0,-22,-4,WD_3.4.3-2,1
12863271518,2026-07-20 14:36:00,14,WA5DJJ,32.312,-106.708,DM62ph,W6NXP,33.479,-119.042,DM03,1158,93,279,14097130,0,-23,-2,2.6.1,1
12863282213,2026-07-20 14:40:00,14,W7WKR-2,48.354,-120.708,CN98pi,W6NXP,33.479,-119.042,DM03,1660,356,174,14097134,0,-26,1,WD_3.4.3-2,1
12863282251,2026-07-20 14:40:00,14,KG0D,48.021,-123.125,CN88ka,W6NXP,33.479,-119.042,DM03,1653,349,166,14097136,0,-25,2,SparkSDR,1
12863333554,2026-07-20 14:52:00,14,W7WKR-2,48.354,-120.708,CN98pi,W6NXP,33.479,-119.042,DM03,1660,356,174,14097130,0,-27,0,WD_3.4.3-2,1
12863437134,2026-07-20 15:14:00,14,N6GN3,40.479,-105.042,DN70ll,W6NXP,33.479,-119.042,DM03,1464,54,242,14097108,0,-27,0,WD_3.4.3-2,1
12864761775,2026-07-20 19:08:00,14,KFS,37.396,-122.375,CM87tj,W6NXP,33.479,-119.042,DM03,530,326,144,14097111,0,-8,-2,WD_3.3.2-2,1
12864763871,2026-07-20 19:08:00,14,KFS/SE,37.396,-122.375,CM87tj,W6NXP,33.479,-119.042,DM03,530,326,144,14097111,0,-8,-2,WD_3.3.2-2,1
12864827737,2026-07-20 19:18:00,14,KFS,37.396,-122.375,CM87tj,W6NXP,33.479,-119.042,DM03,530,326,144,14097107,0,-12,-3,WD_3.3.2-2,1
12864828698,2026-07-20 19:18:00,14,KFS/SE,37.396,-122.375,CM87tj,W6NXP,33.479,-119.042,DM03,530,326,144,14097107,0,-12,-3,WD_3.3.2-2,1
12865122187,2026-07-20 20:04:00,14,W7WKR-2,48.354,-120.708,CN98pi,W6NXP,33.479,-119.042,DM03,1660,356,174,14097102,0,-26,0,WD_3.4.3-2,1
12865750152,2026-07-20 21:36:00,14,KFS,37.396,-122.375,CM87tj,W6NXP,33.479,-119.042,DM03,530,326,144,14097095,0,-4,1,WD_3.3.2-2,1
12865753180,2026-07-20 21:36:00,14,KFS/SE,37.396,-122.375,CM87tj,W6NXP,33.479,-119.042,DM03,530,326,144,14097095,0,-4,1,WD_3.3.2-2,1
12872074204,2026-07-21 17:02:00,14,KFS,37.396,-122.375,CM87tj,W6NXP,33.479,-119.042,DM03,530,326,144,14097086,0,-6,-3,WD_3.3.2-2,1
12872074387,2026-07-21 17:02:00,14,KPH2,38.104,-122.958,CM88mc,W6NXP,33.479,-119.042,DM03,624,327,144,14097086,0,-10,-3,WD_3.3.2-2,1
12872074624,2026-07-21 17:02:00,14,KPH,38.104,-122.958,CM88mc,W6NXP,33.479,-119.042,DM03,624,327,144,14097086,0,-10,-3,WD_3.4.3-2,1
12872075598,2026-07-21 17:02:00,14,KFS/SE,37.396,-122.375,CM87tj,W6NXP,33.479,-119.042,DM03,530,326,144,14097086,0,-6,-3,WD_3.3.2-2,1
12872106995,2026-07-21 17:10:00,14,KPH,38.104,-122.958,CM88mc,W6NXP,33.479,-119.042,DM03,624,327,144,14097085,0,-12,2,WD_3.4.3-2,1
12872107100,2026-07-21 17:10:00,14,KFS,37.396,-122.375,CM87tj,W6NXP,33.479,-119.042,DM03,530,326,144,14097085,0,-16,3,WD_3.3.2-2,1
12872107317,2026-07-21 17:10:00,14,AF7KR,35.271,-111.708,DM45dg,W6NXP,33.479,-119.042,DM03,702,71,255,14097089,0,-20,2,WD_3.3.2-1,1
12872107359,2026-07-21 17:10:00,14,KPH2,38.104,-122.958,CM88mc,W6NXP,33.479,-119.042,DM03,624,327,144,14097085,0,-12,2,WD_3.3.2-2,1
12872107969,2026-07-21 17:10:00,14,KFS/SE,37.396,-122.375,CM87tj,W6NXP,33.479,-119.042,DM03,530,326,144,14097085,0,-16,3,WD_3.3.2-2,1
12872122516,2026-07-21 17:14:00,14,KPH,38.104,-122.958,CM88mc,W6NXP,33.479,-119.042,DM03,624,327,144,14097092,0,-5,-1,WD_3.4.3-2,1
12872122621,2026-07-21 17:14:00,14,KPH2,38.104,-122.958,CM88mc,W6NXP,33.479,-119.042,DM03,624,327,144,14097092,0,-5,-1,WD_3.3.2-2,1
12872122856,2026-07-21 17:14:00,14,KFS,37.396,-122.375,CM87tj,W6NXP,33.479,-119.042,DM03,530,326,144,14097092,0,-20,-4,WD_3.3.2-2,1
12872123542,2026-07-21 17:14:00,14,KFS/SE,37.396,-122.375,CM87tj,W6NXP,33.479,-119.042,DM03,530,326,144,14097092,0,-20,-4,WD_3.3.2-2,1
12872145477,2026-07-21 17:20:00,14,KFS,37.396,-122.375,CM87tj,W6NXP,33.479,-119.042,DM03,530,326,144,14097097,0,-16,-4,WD_3.3.2-2,1
12872146879,2026-07-21 17:20:00,14,KFS/SE,37.396,-122.375,CM87tj,W6NXP,33.479,-119.042,DM03,530,326,144,14097097,0,-16,-4,WD_3.3.2-2,1
12872159885,2026-07-21 17:24:00,14,KFS,37.396,-122.375,CM87tj,W6NXP,33.479,-119.042,DM03,530,326,144,14097089,0,-6,-4,WD_3.3.2-2,1
12872160475,2026-07-21 17:24:00,14,KFS/SE,37.396,-122.375,CM87tj,W6NXP,33.479,-119.042,DM03,530,326,144,14097089,0,-6,-4,WD_3.3.2-2,1
12872165464,2026-07-21 17:26:00,14,KPH,38.104,-122.958,CM88mc,W6NXP,33.479,-119.042,DM03,624,327,144,14097090,0,-14,1,WD_3.4.3-2,1
12872165944,2026-07-21 17:26:00,14,KFS,37.396,-122.375,CM87tj,W6NXP,33.479,-119.042,DM03,530,326,144,14097090,0,-9,1,WD_3.3.2-2,1
12872166192,2026-07-21 17:26:00,14,KPH2,38.104,-122.958,CM88mc,W6NXP,33.479,-119.042,DM03,624,327,144,14097090,0,-14,1,WD_3.3.2-2,1
12872166742,2026-07-21 17:26:00,14,KFS/SE,37.396,-122.375,CM87tj,W6NXP,33.479,-119.042,DM03,530,326,144,14097090,0,-9,1,WD_3.3.2-2,1
12872179467,2026-07-21 17:30:00,14,KFS,37.396,-122.375,CM87tj,W6NXP,33.479,-119.042,DM03,530,326,144,14097090,0,-10,0,WD_3.3.2-2,1
12872180473,2026-07-21 17:30:00,14,KFS/SE,37.396,-122.375,CM87tj,W6NXP,33.479,-119.042,DM03,530,326,144,14097089,0,-10,2,WD_3.3.2-2,1
12872194755,2026-07-21 17:34:00,14,KFS,37.396,-122.375,CM87tj,W6NXP,33.479,-119.042,DM03,530,326,144,14097096,0,-17,4,WD_3.3.2-2,1
12872195640,2026-07-21 17:34:00,14,KFS/SE,37.396,-122.375,CM87tj,W6NXP,33.479,-119.042,DM03,530,326,144,14097096,0,-17,4,WD_3.3.2-2,1
12872201647,2026-07-21 17:36:00,14,KFS,37.396,-122.375,CM87tj,W6NXP,33.479,-119.042,DM03,530,326,144,14097096,0,-16,-2,WD_3.3.2-2,1
12872202944,2026-07-21 17:36:00,14,KFS/SE,37.396,-122.375,CM87tj,W6NXP,33.479,-119.042,DM03,530,326,144,14097096,0,-16,-2,WD_3.3.2-2,1
12872652807,2026-07-21 19:16:00,14,AF7KR,35.271,-111.708,DM45dg,W6NXP,33.479,-119.042,DM03,702,71,255,14097109,0,-24,3,WD_3.3.2-1,1
12872988004,2026-07-21 20:20:00,14,W7WKR-2,48.354,-120.708,CN98pi,W6NXP,33.479,-119.042,DM03,1660,356,174,14097113,0,-23,-2,WD_3.4.3-2,1
12872998771,2026-07-21 20:22:00,14,W7WKR-2,48.354,-120.708,CN98pi,W6NXP,33.479,-119.042,DM03,1660,356,174,14097112,0,-22,0,WD_3.4.3-2,1
12873000686,2026-07-21 20:22:00,14,KFS,37.396,-122.375,CM87tj,W6NXP,33.479,-119.042,DM03,530,326,144,14097110,0,-21,1,WD_3.3.2-2,1
12873003987,2026-07-21 20:22:00,14,KFS/SE,37.396,-122.375,CM87tj,W6NXP,33.479,-119.042,DM03,530,326,144,14097110,0,-21,0,WD_3.3.2-2,1
12873011759,2026-07-21 20:24:00,14,KFS,37.396,-122.375,CM87tj,W6NXP,33.479,-119.042,DM03,530,326,144,14097110,0,-24,3,WD_3.3.2-2,1
12873078653,2026-07-21 20:36:00,14,KFS,37.396,-122.375,CM87tj,W6NXP,33.479,-119.042,DM03,530,326,144,14097099,0,-19,0,WD_3.3.2-2,1
12873079699,2026-07-21 20:36:00,14,KFS/SE,37.396,-122.375,CM87tj,W6NXP,33.479,-119.042,DM03,530,326,144,14097099,0,-18,0,WD_3.3.2-2,1
12873406443,2026-07-21 21:36:00,14,KFS,37.396,-122.375,CM87tj,W6NXP,33.479,-119.042,DM03,530,326,144,14097103,0,-15,-1,WD_3.3.2-2,1
12873407994,2026-07-21 21:36:00,14,KFS/SE,37.396,-122.375,CM87tj,W6NXP,33.479,-119.042,DM03,530,326,144,14097103,0,-15,-1,WD_3.3.2-2,1
12873438762,2026-07-21 21:42:00,14,KFS,37.396,-122.375,CM87tj,W6NXP,33.479,-119.042,DM03,530,326,144,14097107,0,-9,0,WD_3.3.2-2,1
12873441746,2026-07-21 21:42:00,14,KFS/SE,37.396,-122.375,CM87tj,W6NXP,33.479,-119.042,DM03,530,326,144,14097107,0,-9,0,WD_3.3.2-2,1
12873448824,2026-07-21 21:44:00,14,KFS/OMNI,37.396,-122.375,CM87tj,W6NXP,33.479,-119.042,DM03,530,326,144,14097106,0,-15,-1,WD_3.3.2-2,1
12873449676,2026-07-21 21:44:00,14,KFS,37.396,-122.375,CM87tj,W6NXP,33.479,-119.042,DM03,530,326,144,14097106,0,-7,-1,WD_3.3.2-2,1
12873451240,2026-07-21 21:44:00,14,KFS/SE,37.396,-122.375,CM87tj,W6NXP,33.479,-119.042,DM03,530,326,144,14097105,0,-7,-1,WD_3.3.2-2,1
12875643386,2026-07-22 05:30:00,14,KF9KV,42.812,-89.625,EN52et,W6NXP,0.479,0.958,JJ00,10019,313,89,14097126,10,-16,0,3.0.0,1
12875649281,2026-07-22 05:30:00,14,N8BTR,45.188,-88.125,EN55we,W6NXP,0.479,0.958,JJ00,9898,315,90,14097128,10,-18,0,1.4A Kiwi,1
12875695331,2026-07-22 05:42:00,14,KF9KV,42.812,-89.625,EN52et,W6NXP,0.479,0.958,JJ00,10019,313,89,14097127,10,-24,0,3.0.0,1
12875696991,2026-07-22 05:42:00,14,KX4AZ/T,44.104,-85.458,EN74gc,W6NXP,0.479,0.958,JJ00,9684,314,92,14097128,10,-18,0,WD_3.3.2-2,1
12875706168,2026-07-22 05:44:00,14,KX4AZ/T,44.104,-85.458,EN74gc,W6NXP,0.479,0.958,JJ00,9684,314,92,14097128,10,-19,0,WD_3.3.2-2,1
12875726449,2026-07-22 05:48:00,14,KX4AZ/T,44.104,-85.458,EN74gc,W6NXP,0.479,0.958,JJ00,9684,314,92,14097128,10,-18,0,WD_3.3.2-2,1
12875786043,2026-07-22 06:02:00,14,KQ9RSS,39.854,-88.875,EM59nu,W6NXP,33.479,-119.042,DM03,2768,66,264,14097125,10,-26,0,2.7.0,1
12875786868,2026-07-22 06:02:00,14,KX4AZ/T,44.104,-85.458,EN74gc,W6NXP,33.479,-119.042,DM03,3114,58,259,14097128,10,-19,0,WD_3.3.2-2,1
12875858866,2026-07-22 06:18:00,14,KX4AZ/T,44.104,-85.458,EN74gc,W6NXP,33.479,-119.042,DM03,3114,58,259,14097126,10,-19,0,WD_3.3.2-2,1
12875948405,2026-07-22 06:38:00,14,KR4CSE,30.188,-85.708,EM70de,W6NXP,33.479,-119.042,DM03,3157,87,285,14097130,10,-27,1,3.0.0,1
12875996559,2026-07-22 06:48:00,14,KFS,37.396,-122.375,CM87tj,W6NXP,33.479,-119.042,DM03,530,326,144,14097127,10,-25,-1,WD_3.3.2-2,1
12875997546,2026-07-22 06:48:00,14,KFS/SE,37.396,-122.375,CM87tj,W6NXP,33.479,-119.042,DM03,530,326,144,14097127,10,-25,-1,WD_3.3.2-2,1
12876039105,2026-07-22 06:58:00,14,KX4AZ/T,44.104,-85.458,EN74gc,W6NXP,33.479,-119.042,DM03,3114,58,259,14097128,10,-22,0,WD_3.3.2-2,1
12902511941,2026-07-25 22:58:00,14,KD7EFG,41.604,-112.292,DN31uo,W6NXP,0.479,0.958,JJ00,11879,314,73,14097121,10,-26,-1,WD_3.3.2-2,1
12902513677,2026-07-25 22:58:00,14,KD7EFG-1,41.604,-112.292,DN31uo,W6NXP,0.479,0.958,JJ00,11879,314,73,14097121,10,-26,0,WD_3.3.2-2,1
12903477220,2026-07-26 01:30:00,14,N7LEM,38.938,-104.708,DM78pw,W6NXP,33.479,-119.042,DM03,1420,61,249,14097144,10,-20,-2,3.0.1,1
12903479989,2026-07-26 01:30:00,14,KB7GF,46.021,-118.375,DN06ta,W6NXP,33.479,-119.042,DM03,1396,2,182,14097129,10,-22,0,WD_3.2.3,1
12903547103,2026-07-26 01:40:00,14,WA5DJJ,32.312,-106.708,DM62ph,W6NXP,33.479,-119.042,DM03,1158,93,279,14097126,10,-24,0,2.6.1,1
12903668485,2026-07-26 02:00:00,14,KB7GF,46.021,-118.375,DN06ta,W6NXP,33.479,-119.042,DM03,1396,2,182,14097129,10,-25,0,WD_3.2.3,1
12903670721,2026-07-26 02:00:00,14,WA5DJJ,32.312,-106.708,DM62ph,W6NXP,33.479,-119.042,DM03,1158,93,279,14097125,10,-23,-1,2.6.1,1
12903782792,2026-07-26 02:18:00,14,WA5DJJ,32.312,-106.708,DM62ph,W6NXP,33.479,-119.042,DM03,1158,93,279,14097127,10,-26,0,2.6.1,1
12903847276,2026-07-26 02:28:00,14,WA5DJJ,32.312,-106.708,DM62ph,W6NXP,33.479,-119.042,DM03,1158,93,279,14097125,10,-25,0,2.6.1,1
12903912056,2026-07-26 02:38:00,14,WA5DJJ,32.312,-106.708,DM62ph,W6NXP,33.479,-119.042,DM03,1158,93,279,14097127,10,-22,0,2.6.1,1
12904041817,2026-07-26 02:58:00,14,WA5DJJ,32.312,-106.708,DM62ph,W6NXP,33.479,-119.042,DM03,1158,93,279,14097128,10,-22,0,2.6.1,1
12904055245,2026-07-26 03:00:00,14,WA5DJJ,32.312,-106.708,DM62ph,W6NXP,33.479,-119.042,DM03,1158,93,279,14097128,10,-21,0,2.6.1,1
12904169280,2026-07-26 03:18:00,14,KB7GF,46.021,-118.375,DN06ta,W6NXP,33.479,-119.042,DM03,1396,2,182,14097131,10,-16,0,WD_3.2.3,1
12904172003,2026-07-26 03:18:00,14,WA5DJJ,32.312,-106.708,DM62ph,W6NXP,33.479,-119.042,DM03,1158,93,279,14097128,10,-22,0,2.6.1,1
12904182211,2026-07-26 03:20:00,14,KB7GF,46.021,-118.375,DN06ta,W6NXP,33.479,-119.042,DM03,1396,2,182,14097131,10,-18,0,WD_3.2.3,1
12904185152,2026-07-26 03:20:00,14,WA5DJJ,32.312,-106.708,DM62ph,W6NXP,33.479,-119.042,DM03,1158,93,279,14097129,10,-20,0,2.6.1,1
12904238440,2026-07-26 03:28:00,14,WA5DJJ,32.312,-106.708,DM62ph,W6NXP,33.479,-119.042,DM03,1158,93,279,14097128,10,-22,0,2.6.1,1
12904256037,2026-07-26 03:30:00,14,WA5DJJ,32.312,-106.708,DM62ph,W6NXP,33.479,-119.042,DM03,1158,93,279,14097128,10,-28,0,2.6.1,1
12904370614,2026-07-26 03:48:00,14,N7BUI,44.312,-123.292,CN84ih,W6NXP,33.479,-119.042,DM03,1259,344,161,14097129,10,-24,0,web-888,1
12904426439,2026-07-26 03:58:00,14,KK7IXU,48.604,-122.875,CN88no,W6NXP,33.479,-119.042,DM03,1712,350,167,14097129,10,-25,0,WD_3.4.3-2,1
12904488379,2026-07-26 04:08:00,14,KB7GF,46.021,-118.375,DN06ta,W6NXP,33.479,-119.042,DM03,1396,2,182,14097131,10,-26,0,WD_3.2.3,1
12904489358,2026-07-26 04:08:00,14,N6GN5,40.479,-105.042,DN70ll,W6NXP,33.479,-119.042,DM03,1464,54,242,14097127,10,-19,0,WD_3.4.3-2,1
12904549430,2026-07-26 04:18:00,14,KK7IXU,48.604,-122.875,CN88no,W6NXP,33.479,-119.042,DM03,1712,350,167,14097129,10,-23,0,WD_3.4.3-2,1
12904550500,2026-07-26 04:18:00,14,KB7GF,46.021,-118.375,DN06ta,W6NXP,33.479,-119.042,DM03,1396,2,182,14097131,10,-24,0,WD_3.2.3,1
12904608201,2026-07-26 04:28:00,14,W0TBR,45.562,-122.625,CN85qn,W6NXP,33.479,-119.042,DM03,1378,348,165,14097128,10,-27,0,3.0.0,1
12904611558,2026-07-26 04:28:00,14,N7BUI,44.312,-123.292,CN84ih,W6NXP,33.479,-119.042,DM03,1259,344,161,14097129,10,-13,-1,web-888,1
12904617753,2026-07-26 04:30:00,14,AE7TF,46.479,-123.042,CN86,W6NXP,33.479,-119.042,DM03,1485,348,165,14097128,10,-23,0,3.0.1,1
12904669766,2026-07-26 04:38:00,14,W0TBR,45.562,-122.625,CN85qn,W6NXP,33.479,-119.042,DM03,1378,348,165,14097128,10,-26,-1,3.0.0,1
12904727273,2026-07-26 04:48:00,14,KD7HGL,47.771,-122.375,CN87ts,W6NXP,33.479,-119.042,DM03,1613,351,168,14097133,10,-25,0,SparkSDR,1
12904731449,2026-07-26 04:48:00,14,KB7GF,46.021,-118.375,DN06ta,W6NXP,33.479,-119.042,DM03,1396,2,182,14097132,10,-23,0,WD_3.2.3,1
12904899773,2026-07-26 05:18:00,14,KK7IXU,48.604,-122.875,CN88no,W6NXP,33.479,-119.042,DM03,1712,350,167,14097128,10,-23,0,WD_3.4.3-2,1
12905344763,2026-07-26 06:38:00,14,KL3RR,61.146,-149.958,BP51ad,W6NXP,33.479,-119.042,DM03,3787,334,130,14097142,10,-24,-1,SparkSDR,1
12906104713,2026-07-26 08:48:00,14,AE5AU,34.688,-92.542,EM34rq,W6NXP,33.479,-119.042,DM03,2437,79,274,14097132,10,-24,0,SparkSDR,1
12906272290,2026-07-26 09:18:00,14,KX4AZ/T,44.104,-85.458,EN74gc,W6NXP,33.479,-119.042,DM03,3114,58,259,14097130,10,-24,0,WD_3.3.2-2,1
12906282870,2026-07-26 09:20:00,14,KX4AZ/T,44.104,-85.458,EN74gc,W6NXP,33.479,-119.042,DM03,3114,58,259,14097131,10,-22,0,WD_3.3.2-2,1
12906325787,2026-07-26 09:28:00,14,KX4AZ/T,44.104,-85.458,EN74gc,W6NXP,33.479,-119.042,DM03,3114,58,259,14097131,10,-27,0,WD_3.3.2-2,1
12906333814,2026-07-26 09:28:00,14,KW7MM,32.521,-110.958,DM42mm,W6NXP,33.479,-119.042,DM03,761,96,280,14097148,10,-17,0,CWSL_DIGI,1
12906336845,2026-07-26 09:30:00,14,KX4AZ/T,44.104,-85.458,EN74gc,W6NXP,33.479,-119.042,DM03,3114,58,259,14097131,10,-24,0,WD_3.3.2-2,1
12906375442,2026-07-26 09:38:00,14,KX4AZ/T,44.104,-85.458,EN74gc,W6NXP,33.479,-119.042,DM03,3114,58,259,14097131,10,-25,0,WD_3.3.2-2,1
12906385204,2026-07-26 09:40:00,14,KX4AZ/T,44.104,-85.458,EN74gc,W6NXP,33.479,-119.042,DM03,3114,58,259,14097131,10,-25,0,WD_3.3.2-2,1
12906436556,2026-07-26 09:50:00,14,KF9KV,42.812,-89.625,EN52et,W6NXP,33.479,-119.042,DM03,2756,59,257,14097131,10,-24,0,3.0.0,1
12906526356,2026-07-26 10:10:00,14,KF9KV,42.812,-89.625,EN52et,W6NXP,33.479,-119.042,DM03,2756,59,257,14097131,10,-20,0,3.0.0,1
12906528406,2026-07-26 10:10:00,14,KX4AZ/T,44.104,-85.458,EN74gc,W6NXP,33.479,-119.042,DM03,3114,58,259,14097132,10,-22,0,WD_3.3.2-2,1
12906569916,2026-07-26 10:20:00,14,N5MN,30.729,-97.708,EM10dr,W6NXP,33.479,-119.042,DM03,2029,93,284,14097147,10,-18,0,2.6.1,1
12906606698,2026-07-26 10:28:00,14,KX4AZ/T,44.104,-85.458,EN74gc,W6NXP,33.479,-119.042,DM03,3114,58,259,14097132,10,-24,0,WD_3.3.2-2,1
12906625788,2026-07-26 10:32:00,14,KX4AZ/T,44.104,-85.458,EN74gc,W6NXP,33.479,-119.042,DM03,3114,58,259,14097132,10,-21,0,WD_3.3.2-2,1
12906695203,2026-07-26 10:48:00,14,KX4AZ/T,44.104,-85.458,EN74gc,W6NXP,33.479,-119.042,DM03,3114,58,259,14097132,10,-18,0,WD_3.3.2-2,1
12906703811,2026-07-26 10:50:00,14,KF9KV,42.812,-89.625,EN52et,W6NXP,33.479,-119.042,DM03,2756,59,257,14097131,10,-17,0,3.0.0,1
12906789604,2026-07-26 11:10:00,14,KF9KV,42.812,-89.625,EN52et,W6NXP,33.479,-119.042,DM03,2756,59,257,14097132,10,-17,0,3.0.0,1
12907228070,2026-07-26 12:58:00,14,KC1ATT,30.729,-97.792,EM10cr,W6NXP,33.479,-119.042,DM03,2021,93,284,14097127,10,-22,0,2.7.0-rc3,1
12907229461,2026-07-26 12:58:00,14,N5MN,30.729,-97.708,EM10dr,W6NXP,33.479,-119.042,DM03,2029,93,284,14097145,10,-26,-1,2.6.1,1
12907269482,2026-07-26 13:08:00,14,KI5MQY,33.021,-96.625,EM13qa,W6NXP,33.479,-119.042,DM03,2081,85,277,14097192,10,-32,0,3.0.1,1
12907315123,2026-07-26 13:18:00,14,KD7EFG-1,41.604,-112.292,DN31uo,W6NXP,33.479,-119.042,DM03,1081,31,215,14097130,10,-27,0,WD_3.3.2-2,1
12907401307,2026-07-26 13:38:00,14,KD7EFG,41.604,-112.292,DN31uo,W6NXP,33.479,-119.042,DM03,1081,31,215,14097130,10,-27,0,WD_3.3.2-2,1
12907401842,2026-07-26 13:38:00,14,KD7EFG-1,41.604,-112.292,DN31uo,W6NXP,33.479,-119.042,DM03,1081,31,215,14097131,10,-27,0,WD_3.3.2-2,1
12907446701,2026-07-26 13:48:00,14,KD7EFG,41.604,-112.292,DN31uo,W6NXP,33.479,-119.042,DM03,1081,31,215,14097128,10,-14,0,WD_3.3.2-2,1
12907493606,2026-07-26 13:58:00,14,KD7EFG,41.604,-112.292,DN31uo,W6NXP,33.479,-119.042,DM03,1081,31,215,14097129,10,-18,0,WD_3.3.2-2,1
12907493731,2026-07-26 13:58:00,14,KD7EFG-1,41.604,-112.292,DN31uo,W6NXP,33.479,-119.042,DM03,1081,31,215,14097129,10,-17,-1,WD_3.3.2-2,1
12907502242,2026-07-26 14:00:00,14,KD7EFG-1,41.604,-112.292,DN31uo,W6NXP,33.479,-119.042,DM03,1081,31,215,14097129,10,-13,0,WD_3.3.2-2,1
12907502280,2026-07-26 14:00:00,14,KD7EFG,41.604,-112.292,DN31uo,W6NXP,33.479,-119.042,DM03,1081,31,215,14097128,10,-16,0,WD_3.3.2-2,1
12907538186,2026-07-26 14:08:00,14,KD7EFG,41.604,-112.292,DN31uo,W6NXP,33.479,-119.042,DM03,1081,31,215,14097127,10,-26,0,WD_3.3.2-2,1
12907538689,2026-07-26 14:08:00,14,KD7EFG-1,41.604,-112.292,DN31uo,W6NXP,33.479,-119.042,DM03,1081,31,215,14097128,10,-23,0,WD_3.3.2-2,1
12907585507,2026-07-26 14:18:00,14,KD7EFG-1,41.604,-112.292,DN31uo,W6NXP,33.479,-119.042,DM03,1081,31,215,14097126,10,-18,0,WD_3.3.2-2,1
12907585538,2026-07-26 14:18:00,14,KD7EFG,41.604,-112.292,DN31uo,W6NXP,33.479,-119.042,DM03,1081,31,215,14097126,10,-21,0,WD_3.3.2-2,1
12907643755,2026-07-26 14:30:00,14,KD7EFG-1,41.604,-112.292,DN31uo,W6NXP,33.479,-119.042,DM03,1081,31,215,14097127,10,-19,-1,WD_3.3.2-2,1
12907682606,2026-07-26 14:38:00,14,KD7EFG,41.604,-112.292,DN31uo,W6NXP,33.479,-119.042,DM03,1081,31,215,14097126,10,-20,0,WD_3.3.2-2,1
12907683567,2026-07-26 14:38:00,14,KD7EFG-1,41.604,-112.292,DN31uo,W6NXP,33.479,-119.042,DM03,1081,31,215,14097126,10,-20,0,WD_3.3.2-2,1
12907683791,2026-07-26 14:38:00,14,AF7KR,35.271,-111.708,DM45dg,W6NXP,33.479,-119.042,DM03,702,71,255,14097130,10,-20,-1,WD_3.3.2-1,1
12907724719,2026-07-26 14:48:00,14,W6EXT,37.354,-122.125,CM87wi,W6NXP,33.479,-119.042,DM03,513,328,146,14097128,10,-24,1,3.0.1,1
12907729986,2026-07-26 14:48:00,14,KFS,37.396,-122.375,CM87tj,W6NXP,33.479,-119.042,DM03,530,326,144,14097124,10,-17,1,WD_3.3.2-2,1
12907741035,2026-07-26 14:50:00,14,KFS,37.396,-122.375,CM87tj,W6NXP,33.479,-119.042,DM03,530,326,144,14097123,10,-2,-1,WD_3.3.2-2,1
12907743860,2026-07-26 14:50:00,14,KFS/SE,37.396,-122.375,CM87tj,W6NXP,33.479,-119.042,DM03,530,326,144,14097124,10,-3,0,WD_3.3.2-2,1
12907780350,2026-07-26 14:58:00,14,KFS,37.396,-122.375,CM87tj,W6NXP,33.479,-119.042,DM03,530,326,144,14097123,10,-3,0,WD_3.3.2-2,1
12907782219,2026-07-26 14:58:00,14,KFS/SE,37.396,-122.375,CM87tj,W6NXP,33.479,-119.042,DM03,530,326,144,14097123,10,-3,0,WD_3.3.2-2,1
12907789141,2026-07-26 15:00:00,14,KFS,37.396,-122.375,CM87tj,W6NXP,33.479,-119.042,DM03,530,326,144,14097123,10,-18,-1,WD_3.3.2-2,1
12907791846,2026-07-26 15:00:00,14,KFS/SE,37.396,-122.375,CM87tj,W6NXP,33.479,-119.042,DM03,530,326,144,14097122,10,-18,-1,WD_3.3.2-2,1
12907828497,2026-07-26 15:08:00,14,KFS,37.396,-122.375,CM87tj,W6NXP,33.479,-119.042,DM03,530,326,144,14097123,10,-6,0,WD_3.3.2-2,1
12907829347,2026-07-26 15:08:00,14,WA7LNW,37.146,-113.458,DM37gd,W6NXP,33.479,-119.042,DM03,650,50,232,14097129,10,-17,0,RP122-16,1
12907832279,2026-07-26 15:08:00,14,KFS/SE,37.396,-122.375,CM87tj,W6NXP,33.479,-119.042,DM03,530,326,144,14097122,10,-17,0,WD_3.3.2-2,1
12907835650,2026-07-26 15:10:00,14,W6EXT,37.354,-122.125,CM87wi,W6NXP,33.479,-119.042,DM03,513,328,146,14097126,10,-20,0,3.0.1,1
12907838382,2026-07-26 15:10:00,14,WA7LNW,37.146,-113.458,DM37gd,W6NXP,33.479,-119.042,DM03,650,50,232,14097129,10,-21,0,RP122-16,1
12907839939,2026-07-26 15:10:00,14,KFS,37.396,-122.375,CM87tj,W6NXP,33.479,-119.042,DM03,530,326,144,14097123,10,-12,0,WD_3.3.2-2,1
12907841543,2026-07-26 15:10:00,14,KFS/SE,37.396,-122.375,CM87tj,W6NXP,33.479,-119.042,DM03,530,326,144,14097123,10,-12,0,WD_3.3.2-2,1
12907876945,2026-07-26 15:18:00,14,WA7LNW,37.146,-113.458,DM37gd,W6NXP,33.479,-119.042,DM03,650,50,232,14097126,10,-15,0,RP122-16,1
12907879244,2026-07-26 15:18:00,14,KPH2,38.104,-122.958,CM88mc,W6NXP,33.479,-119.042,DM03,624,327,144,14097120,10,-14,0,WD_3.3.2-2,1
12907879450,2026-07-26 15:18:00,14,AF7KR,35.271,-111.708,DM45dg,W6NXP,33.479,-119.042,DM03,702,71,255,14097124,10,-21,-1,WD_3.3.2-1,1
12907880218,2026-07-26 15:18:00,14,KW7MM,32.521,-110.958,DM42mm,W6NXP,33.479,-119.042,DM03,761,96,280,14097136,10,-21,0,CWSL_DIGI,1
12907881054,2026-07-26 15:18:00,14,ND7M,36.229,-116.042,DM16xf,W6NXP,33.479,-119.042,DM03,410,41,222,14097121,10,-17,-1,1.4A Kiwi,1
12907886460,2026-07-26 15:20:00,14,WA7LNW,37.146,-113.458,DM37gd,W6NXP,33.479,-119.042,DM03,650,50,232,14097126,10,-19,-1,RP122-16,1
12907889159,2026-07-26 15:20:00,14,AF7KR,35.271,-111.708,DM45dg,W6NXP,33.479,-119.042,DM03,702,71,255,14097123,10,-20,-1,WD_3.3.2-1,1
12907891763,2026-07-26 15:20:00,14,KW7MM,32.521,-110.958,DM42mm,W6NXP,33.479,-119.042,DM03,761,96,280,14097136,10,-15,0,CWSL_DIGI,1
12907918482,2026-07-26 15:28:00,14,KFS,37.396,-122.375,CM87tj,W6NXP,33.479,-119.042,DM03,530,326,144,14097121,10,-11,0,WD_3.3.2-2,1
12907918608,2026-07-26 15:28:00,14,WA7LNW,37.146,-113.458,DM37gd,W6NXP,33.479,-119.042,DM03,650,50,232,14097128,10,-22,0,RP122-16,1
12907919803,2026-07-26 15:28:00,14,KPH2,38.104,-122.958,CM88mc,W6NXP,33.479,-119.042,DM03,624,327,144,14097121,10,-11,0,WD_3.3.2-2,1
12907920020,2026-07-26 15:28:00,14,KFS/SE,37.396,-122.375,CM87tj,W6NXP,33.479,-119.042,DM03,530,326,144,14097121,10,-11,0,WD_3.3.2-2,1
12907924689,2026-07-26 15:30:00,14,KFS,37.396,-122.375,CM87tj,W6NXP,33.479,-119.042,DM03,530,326,144,14097121,10,-9,0,WD_3.3.2-2,1
12907925603,2026-07-26 15:30:00,14,KPH2,38.104,-122.958,CM88mc,W6NXP,33.479,-119.042,DM03,624,327,144,14097121,10,-12,0,WD_3.3.2-2,1
12907926128,2026-07-26 15:30:00,14,KFS/SE,37.396,-122.375,CM87tj,W6NXP,33.479,-119.042,DM03,530,326,144,14097121,10,-9,0,WD_3.3.2-2,1
12907953501,2026-07-26 15:38:00,14,KFS,37.396,-122.375,CM87tj,W6NXP,33.479,-119.042,DM03,530,326,144,14097117,10,-6,0,WD_3.3.2-2,1
12907955343,2026-07-26 15:38:00,14,KFS/SE,37.396,-122.375,CM87tj,W6NXP,33.479,-119.042,DM03,530,326,144,14097117,10,-6,0,WD_3.3.2-2,1
12907961334,2026-07-26 15:40:00,14,KFS,37.396,-122.375,CM87tj,W6NXP,33.479,-119.042,DM03,530,326,144,14097117,10,-23,-4,WD_3.3.2-2,1
12907963376,2026-07-26 15:40:00,14,KFS/SE,37.396,-122.375,CM87tj,W6NXP,33.479,-119.042,DM03,530,326,144,14097117,10,-23,-4,WD_3.3.2-2,1
12907997903,2026-07-26 15:48:00,14,WA5DJJ,32.312,-106.708,DM62ph,W6NXP,33.479,-119.042,DM03,1158,93,279,14097118,10,-28,0,2.6.1,1
12907998325,2026-07-26 15:48:00,14,KFS,37.396,-122.375,CM87tj,W6NXP,33.479,-119.042,DM03,530,326,144,14097118,10,-5,0,WD_3.3.2-2,1
12907998703,2026-07-26 15:48:00,14,KPH,38.104,-122.958,CM88mc,W6NXP,33.479,-119.042,DM03,624,327,144,14097117,10,-15,0,WD_3.4.3-2,1
12907999015,2026-07-26 15:48:00,14,KPH2,38.104,-122.958,CM88mc,W6NXP,33.479,-119.042,DM03,624,327,144,14097117,10,-15,0,WD_3.3.2-2,1
12907999736,2026-07-26 15:48:00,14,KW7MM,32.521,-110.958,DM42mm,W6NXP,33.479,-119.042,DM03,761,96,280,14097134,10,-25,0,CWSL_DIGI,1
12908000109,2026-07-26 15:48:00,14,KFS/SE,37.396,-122.375,CM87tj,W6NXP,33.479,-119.042,DM03,530,326,144,14097118,10,-5,0,WD_3.3.2-2,1
12908003423,2026-07-26 15:50:00,14,W6EXT,37.354,-122.125,CM87wi,W6NXP,33.479,-119.042,DM03,513,328,146,14097124,10,-25,2,3.0.1,1
12908009265,2026-07-26 15:50:00,14,KFS,37.396,-122.375,CM87tj,W6NXP,33.479,-119.042,DM03,530,326,144,14097120,10,-5,1,WD_3.3.2-2,1
12908010442,2026-07-26 15:50:00,14,KFS/SE,37.396,-122.375,CM87tj,W6NXP,33.479,-119.042,DM03,530,326,144,14097120,10,-5,1,WD_3.3.2-2,1
12908045371,2026-07-26 15:58:00,14,KFS,37.396,-122.375,CM87tj,W6NXP,33.479,-119.042,DM03,530,326,144,14097120,10,-16,2,WD_3.3.2-2,1
12908046552,2026-07-26 15:58:00,14,WA5DJJ,32.312,-106.708,DM62ph,W6NXP,33.479,-119.042,DM03,1158,93,279,14097121,10,-24,2,2.6.1,1
12908046771,2026-07-26 15:58:00,14,KW7MM,32.521,-110.958,DM42mm,W6NXP,33.479,-119.042,DM03,761,96,280,14097136,10,-19,3,CWSL_DIGI,1
12908046860,2026-07-26 15:58:00,14,KFS/SE,37.396,-122.375,CM87tj,W6NXP,33.479,-119.042,DM03,530,326,144,14097120,10,-16,2,WD_3.3.2-2,1
12908053584,2026-07-26 16:00:00,14,KFS,37.396,-122.375,CM87tj,W6NXP,33.479,-119.042,DM03,530,326,144,14097119,10,-9,-3,WD_3.3.2-2,1
12908055528,2026-07-26 16:00:00,14,KFS/SE,37.396,-122.375,CM87tj,W6NXP,33.479,-119.042,DM03,530,326,144,14097119,10,-9,-3,WD_3.3.2-2,1
12908055616,2026-07-26 16:00:00,14,WA5DJJ,32.312,-106.708,DM62ph,W6NXP,33.479,-119.042,DM03,1158,93,279,14097119,10,-23,-3,2.6.1,1
12908091326,2026-07-26 16:08:00,14,KFS,37.396,-122.375,CM87tj,W6NXP,33.479,-119.042,DM03,530,326,144,14097115,10,-15,-4,WD_3.3.2-2,1
12908093484,2026-07-26 16:08:00,14,KFS/SE,37.396,-122.375,CM87tj,W6NXP,33.479,-119.042,DM03,530,326,144,14097115,10,-15,-4,WD_3.3.2-2,1
12908100723,2026-07-26 16:10:00,14,KFS,37.396,-122.375,CM87tj,W6NXP,33.479,-119.042,DM03,530,326,144,14097112,10,-12,-4,WD_3.3.2-2,1
12908103699,2026-07-26 16:10:00,14,KFS/SE,37.396,-122.375,CM87tj,W6NXP,33.479,-119.042,DM03,530,326,144,14097112,10,-12,-4,WD_3.3.2-2,1
12908104895,2026-07-26 16:10:00,14,WA5DJJ,32.312,-106.708,DM62ph,W6NXP,33.479,-119.042,DM03,1158,93,279,14097113,10,-18,-3,2.6.1,1
12908105158,2026-07-26 16:10:00,14,KW7MM,32.521,-110.958,DM42mm,W6NXP,33.479,-119.042,DM03,761,96,280,14097129,10,-25,-4,CWSL_DIGI,1
12908139854,2026-07-26 16:18:00,14,KFS,37.396,-122.375,CM87tj,W6NXP,33.479,-119.042,DM03,530,326,144,14097116,10,-21,-4,WD_3.3.2-2,1
12908141566,2026-07-26 16:18:00,14,KW7MM,32.521,-110.958,DM42mm,W6NXP,33.479,-119.042,DM03,761,96,280,14097133,10,-20,-3,CWSL_DIGI,1
12908142505,2026-07-26 16:18:00,14,KFS/SE,37.396,-122.375,CM87tj,W6NXP,33.479,-119.042,DM03,530,326,144,14097116,10,-22,-3,WD_3.3.2-2,1
12908149256,2026-07-26 16:20:00,14,KFS,37.396,-122.375,CM87tj,W6NXP,33.479,-119.042,DM03,530,326,144,14097119,10,-21,0,WD_3.3.2-2,1
12908150207,2026-07-26 16:20:00,14,KPH,38.104,-122.958,CM88mc,W6NXP,33.479,-119.042,DM03,624,327,144,14097119,10,-15,0,WD_3.4.3-2,1
12908150830,2026-07-26 16:20:00,14,KPH2,38.104,-122.958,CM88mc,W6NXP,33.479,-119.042,DM03,624,327,144,14097119,10,-15,-1,WD_3.3.2-2,1
12908151805,2026-07-26 16:20:00,14,KFS/SE,37.396,-122.375,CM87tj,W6NXP,33.479,-119.042,DM03,530,326,144,14097118,10,-22,0,WD_3.3.2-2,1
12908188940,2026-07-26 16:28:00,14,KFS,37.396,-122.375,CM87tj,W6NXP,33.479,-119.042,DM03,530,326,144,14097117,10,-22,0,WD_3.3.2-2,1
12908191537,2026-07-26 16:28:00,14,KFS/SE,37.396,-122.375,CM87tj,W6NXP,33.479,-119.042,DM03,530,326,144,14097117,10,-22,0,WD_3.3.2-2,1
12908337355,2026-07-26 16:58:00,14,W7WKR-2,48.354,-120.708,CN98pi,W6NXP,33.479,-119.042,DM03,1660,356,174,14097119,10,-24,0,WD_3.4.3-2,1
12908339562,2026-07-26 16:58:00,14,KD7EFG,41.604,-112.292,DN31uo,W6NXP,33.479,-119.042,DM03,1081,31,215,14097116,10,-20,1,WD_3.3.2-2,1
12908340095,2026-07-26 16:58:00,14,KD7EFG-1,41.604,-112.292,DN31uo,W6NXP,33.479,-119.042,DM03,1081,31,215,14097116,10,-17,0,WD_3.3.2-2,1
12908349901,2026-07-26 17:00:00,14,KD7EFG,41.604,-112.292,DN31uo,W6NXP,33.479,-119.042,DM03,1081,31,215,14097118,10,-22,1,WD_3.3.2-2,1
12908389774,2026-07-26 17:08:00,14,W7WKR-2,48.354,-120.708,CN98pi,W6NXP,33.479,-119.042,DM03,1660,356,174,14097121,10,-29,-4,WD_3.4.3-2,1
12908662745,2026-07-26 18:00:00,14,KD7EFG,41.604,-112.292,DN31uo,W6NXP,33.479,-119.042,DM03,1081,31,215,14097118,10,-17,-2,WD_3.3.2-2,1
12908703706,2026-07-26 18:08:00,14,KW7MM,32.521,-110.958,DM42mm,W6NXP,33.479,-119.042,DM03,761,96,280,14097136,10,-22,0,CWSL_DIGI,1
12909028337,2026-07-26 19:08:00,14,N6GN5,40.479,-105.042,DN70ll,W6NXP,33.479,-119.042,DM03,1464,54,242,14097113,10,-22,0,WD_3.4.3-2,1
13064074831,2026-08-18 06:28:00,14,WA4DT,34.979,-81.042,EM94lx,W6NXP,33.479,-119.042,DM03,3476,76,278,14097142,10,-25,0,3.0.0,1
13067926855,2026-08-18 23:18:00,14,KPH,38.104,-122.958,CM88mc,W6NXP,33.479,-119.042,DM03,624,327,144,14097119,10,-21,4,WD_3.4.3-2,1
13067927641,2026-08-18 23:18:00,14,KPH2,38.104,-122.958,CM88mc,W6NXP,33.479,-119.042,DM03,624,327,144,14097119,10,-21,4,WD_3.3.2-2,1
13068949865,2026-08-19 03:10:00,14,KFS/OMNI,37.396,-122.375,CM87tj,W6NXP,33.479,-119.042,DM03,530,326,144,14097137,10,-20,0,WD_3.3.2-2,1
13068955908,2026-08-19 03:10:00,14,KFS,37.396,-122.375,CM87tj,W6NXP,33.479,-119.042,DM03,530,326,144,14097137,10,-20,0,WD_3.3.2-2,1
13069020852,2026-08-19 03:28:00,14,KFS/OMNI,37.396,-122.375,CM87tj,W6NXP,33.479,-119.042,DM03,530,326,144,14097138,10,-18,-1,WD_3.3.2-2,1
13069451893,2026-08-19 05:18:00,14,KFS/OMNI,37.396,-122.375,CM87tj,W6NXP,33.479,-119.042,DM03,530,326,144,14097140,10,-24,0,WD_3.3.2-2,1
13069459776,2026-08-19 05:18:00,14,KFS,37.396,-122.375,CM87tj,W6NXP,33.479,-119.042,DM03,530,326,144,14097140,10,-24,0,WD_3.3.2-2,1
13069641212,2026-08-19 05:58:00,14,KFS/OMNI,37.396,-122.375,CM87tj,W6NXP,33.479,-119.042,DM03,530,326,144,14097140,10,-21,0,WD_3.3.2-2,1
13069649163,2026-08-19 06:00:00,14,KFS/OMNI,37.396,-122.375,CM87tj,W6NXP,33.479,-119.042,DM03,530,326,144,14097140,10,-11,0,WD_3.3.2-2,1
13069656042,2026-08-19 06:00:00,14,KFS,37.396,-122.375,CM87tj,W6NXP,33.479,-119.042,DM03,530,326,144,14097140,10,-11,0,WD_3.3.2-2,1
13069694990,2026-08-19 06:10:00,14,KFS/OMNI,37.396,-122.375,CM87tj,W6NXP,33.479,-119.042,DM03,530,326,144,14097140,10,-16,0,WD_3.3.2-2,1
13069729603,2026-08-19 06:18:00,14,KFS/OMNI,37.396,-122.375,CM87tj,W6NXP,33.479,-119.042,DM03,530,326,144,14097140,10,-19,0,WD_3.3.2-2,1
13069737480,2026-08-19 06:18:00,14,KFS,37.396,-122.375,CM87tj,W6NXP,33.479,-119.042,DM03,530,326,144,14097140,10,-19,0,WD_3.3.2-2,1
13069739772,2026-08-19 06:20:00,14,KFS/OMNI,37.396,-122.375,CM87tj,W6NXP,33.479,-119.042,DM03,530,326,144,14097139,10,-16,0,WD_3.3.2-2,1
